A,B,TOLLSEGNUM,TOLL_POLICY,TOLL,SEG_DISTANCE
12561,21411,8,6,0,2
12617,18473,9,6,0,2
18471,12613,9,6,0,2
21354,21668,4,6,0,2
21414,12565,8,6,0,2
21434,21438,7,6,0,5
21493,21495,10,6,0,4
21560,21568,6,6,0,2
21570,21562,6,6,0,2
21624,21631,5,6,0,2
21632,21626,5,6,0,2
21670,20275,4,6,0,2
21772,21764,3,6,0,3
31317,31297,1,1,0,7
31427,31429,2,6,0,0
31537,100328,2,6,0,0
33416,33417,29,5,0,1
33445,33446,27,5,0.75,1
33447,33448,27,5,0.75,1
33636,34115,41,6,0,1
33639,33632,40,6,0,1
40288,40289,25,5,0.75,1
40308,40309,25,5,0.75,1
40322,40346,26,5,0,1
40345,40269,26,5,0,1
100326,31167,1,1,0,7
100329,21486,7,6,0,10
100340,21706,3,6,0,4
100354,100356,24,5,0,1
100374,100366,24,5,0,1
100413,100415,32,5,0,1
100423,100422,32,5,0,1
100581,100706,43,6,0,1
100590,35046,42,6,0,1
100646,33456,28,5,0,1
100648,100647,30,5,0.75,1
100650,100649,30,5,0.75,1
100651,100392,31,5,0,1
100684,100685,39,6,0,1
100686,100683,39,6,0,1
100699,33638,41,6,0,1
100705,100580,43,6,0,1
